user_id,username
680QG,cbarfitt0
N18RL,aabelovitz1
2RKA7,ccoventon2
TS3VN,chazart3
RHDK2,abraidford4
DPA2F,pmcgarrie5
4SIYE,hdepero6
PKMFI,fmcaw7
SDT4N,slanegran8
J55DH,lhaysom9
425SM,zdayleya
FSQMF,idanzigb
VHWV3,mstoopc
NLN7C,dmelsomd
CWS2V,eelcoate
PXUSW,eallenf
A41W9,gkrystofg
OX0OI,lgoodbarneh
S1HKQ,ldunbavini
QWG87,staffeej
S6OB8,mlabordak
7YSHJ,skeelinl
V9HJM,sdeblasiism
HF89L,dpignen
GJ4HL,nbeetleso
Z9VDH,ienriquesp
QCNA7,lliellq
7U4OQ,abrayshayr
N169I,dmacoureks
Y26EQ,cgrelkat
1KHI1,nrollinsonu
RBD8V,ggibbyv
GCJDE,spalfriew
FZDDS,dtoftx
DL2KF,cfarmiloey
M00WQ,srizziz
0YTT3,groeby10
CVAB6,lbastone11
Y6AAT,lbittlestone12
YN5J5,sbum13
AALV0,ciacovielli14
WBH24,bstockau15
L6XVZ,ksciacovelli16
MUFKF,nlatus17
3ZSS1,apickard18
WSAX3,dkilalea19
22JMH,ascowcroft1a
U50DI,iberecloth1b
GGJMC,zpracy1c
ZHMNG,swaymont1d
W6TDB,emartinson1e
ZS4FF,hwoolner1f
L7DWN,wfirbanks1g
U0V9X,kmatheson1h
F3EB9,afiveash1i
A79GB,crobison1j
4MEW4,laddis1k
R0EWL,wshellibeer1l
17WPL,wfinnie1m
0P3ZR,bnoquet1n
KO8N6,kburtonwood1o
2O02S,hnorthfield1p
Y6T49,jstiles1q
01LIX,bebbitt1r
8D1PO,cheliot1s
HD55P,kmacgebenay1t
2441I,bcatley1u
OHT9L,ahavelin1v
S6S1H,lbeavon1w
OCB33,npeschmann1x
MW55M,sdobing1y
1QIO3,edemattia1z
Z5URD,ahatt20
Y2C5S,vburburough21
SC00C,sjosland22
F9Y88,cglentworth23
GVPXU,nskillen24
FZ996,crubberts25
0RNEX,vfursland26
US0DY,bfarriar27
H79BN,cwardesworth28
MD7ST,cpalatino29
WALAC,gswinden2a
NQBZA,rdelcastello2b
NDWZX,jlehrmann2c
6049X,dgerran2d
FLO9O,uharroway2e
SXG34,hdenecamp2f
2A1Z7,csnelling2g
V3QQJ,ztsar2h
3I1FW,ecatlette2i
MOYI0,jfinkle2j
U1SPT,bsorel2k
5X3QW,fscougal2l
GABDD,bjeal2m
S27V6,castles2n
G21NW,lcashell2o
OQAM9,cwerndly2p
XZ5TF,amacgovern2q
HQFU3,gcarmont2r